insert into user (email, fname, lname) values ('ncondon0@cbsnews.com', 'Neale', 'Condon');
insert into user (email, fname, lname) values ('gmaclardie1@mozilla.org', 'Georgeta', 'MacLardie');
insert into user (email, fname, lname) values ('nfreake2@indiatimes.com', 'Nelle', 'Freake');
insert into user (email, fname, lname) values ('rschwerin3@techcrunch.com', 'Rafi', 'Schwerin');
insert into user (email, fname, lname) values ('rkoppel4@flavors.me', 'Ricard', 'Koppel');
insert into user (email, fname, lname) values ('lfrankis5@canalblog.com', 'Lucius', 'Frankis');
insert into user (email, fname, lname) values ('jveschambre6@addthis.com', 'Jena', 'Veschambre');
insert into user (email, fname, lname) values ('slaister7@dagondesign.com', 'Sammie', 'Laister');
insert into user (email, fname, lname) values ('llangman8@cdc.gov', 'Leighton', 'Langman');
insert into user (email, fname, lname) values ('cstearley9@irs.gov', 'Cordy', 'Stearley');
insert into user (email, fname, lname) values ('cferrona@tinypic.com', 'Carie', 'Ferron');
insert into user (email, fname, lname) values ('bhusseyb@illinois.edu', 'Byron', 'Hussey');
insert into user (email, fname, lname) values ('cakeherstc@blogspot.com', 'Cristine', 'Akeherst');
insert into user (email, fname, lname) values ('akiddd@facebook.com', 'Abraham', 'Kidd');
insert into user (email, fname, lname) values ('kvargae@wufoo.com', 'Kippy', 'Varga');
insert into user (email, fname, lname) values ('cstripplingf@adobe.com', 'Cosme', 'Strippling');
insert into user (email, fname, lname) values ('cvindeng@behance.net', 'Chaim', 'Vinden');
insert into user (email, fname, lname) values ('cwinfreyh@list-manage.com', 'Cami', 'Winfrey');

insert into tutor (userId) values (1);
insert into tutor (userId) values (2);
insert into tutor (userId) values (3);
insert into tutor (userId) values (4);
insert into tutor (userId) values (5);
insert into tutor (userId) values (6);
insert into tutor (userId) values (7);
insert into tutor (userId) values (8);
insert into tutor (userId) values (9);
insert into tutor (userId) values (10);

insert into student (name) values ('Hattie Lagen');
insert into student (name) values ('Ron Shadfourth');
insert into student (name) values ('Giffy Yarrington');
insert into student (name) values ('Ladonna Varren');
insert into student (name) values ('Rivy Buchett');
insert into student (name) values ('Helli Surmon');
insert into student (name) values ('Ninette Abrahami');
insert into student (name) values ('Karissa Briat');
insert into student (name) values ('Elinore Mecco');
insert into student (name) values ('Sanford Dreghorn');
insert into student (name) values ('Laina Olford');
insert into student (name) values ('Dix Gilbeart');
insert into student (name) values ('Caresa Farans');
insert into student (name) values ('Mikael Annakin');
insert into student (name) values ('Silvanus Aleevy');
insert into student (name) values ('Aubrey Barlow');
insert into student (name) values ('Lynnet Bernardy');
insert into student (name) values ('Brod Northway');

insert into proffessor (userId) values (11);
insert into proffessor (userId) values (12);
insert into proffessor (userId) values (13);
insert into proffessor (userId) values (14);
insert into proffessor (userId) values (15);
insert into proffessor (userId) values (16);
insert into proffessor (userId) values (17);
insert into proffessor (userId) values (18);

insert into semester (startDate, endDate, Year) values ('2020-01-01', '2020-03-07', 'spring 2019');
insert into semester (startDate, endDate, Year) values ('2020-05-10', '2020-01-06', 'fall 2019');
insert into semester (startDate, endDate, Year) values ('2020-03-30', '2019-06-04', 'spring 2020');
insert into semester (startDate, endDate, Year) values ('2019-12-27', '2019-10-20', 'fall 2020');
insert into semester (startDate, endDate, Year) values ('2020-04-20', '2019-10-24', 'apocalypse 2021');

insert into course (courseId, courseName, courseDescription) values ('CSC 1001', 'Basic Programing', 'how to do a computer');
insert into course (courseId, courseName, courseDescription) values ('CSC 1587', 'Advanced Programing', 'we learn how to do advanced things, like copy and paste');
insert into course (courseId, courseName, courseDescription) values ('CSC 2407', 'Advanced Java', 'How to clutter your mind with the most useless information');
insert into course (courseId, courseName, courseDescription) values ('CSC 1065', 'Low level system intragration', 'In this class we use duct tape. Sometimes soldering irons, but mostly duct tape');
insert into course (courseId, courseName, courseDescription) values ('CSC 2089', 'Yak shaving', 'you know I had to do it to em.');
insert into course (courseId, courseName, courseDescription) values ('CSC 3005', 'Final Programing', 'we just fucking chop off your head and shove it into a computer. you are the computer now');

insert into courseInstance (proffesorID, coursId, semester) values (18, 'CSC 1001', 'spring 2019');
insert into courseInstance (proffesorID, coursId, semester) values (18, 'CSC 1587', 'fall 2019');
insert into courseInstance (proffesorID, coursId, semester) values (11, 'CSC 2407', 'spring 2020');
insert into courseInstance (proffesorID, coursId, semester) values (13, 'CSC 1065', 'fall 2020');
insert into courseInstance (proffesorID, coursId, semester) values (12, 'CSC 2089', 'apocalypse 2021');
insert into courseInstance (proffesorID, coursId, semester) values (11, 'CSC 3005', 'spring 2019');
insert into courseInstance (proffesorID, coursId, semester) values (17, 'CSC 1001', 'fall 2019');
insert into courseInstance (proffesorID, coursId, semester) values (18, 'CSC 1587', 'spring 2020');
insert into courseInstance (proffesorID, coursId, semester) values (18, 'CSC 2407', 'fall 2020');
insert into courseInstance (proffesorID, coursId, semester) values (12, 'CSC 1065', 'apocalypse 2021');
insert into courseInstance (proffesorID, coursId, semester) values (18, 'CSC 2089', 'spring 2019');
insert into courseInstance (proffesorID, coursId, semester) values (15, 'CSC 3005', 'fall 2019');
insert into courseInstance (proffesorID, coursId, semester) values (16, 'CSC 1001', 'spring 2020');
insert into courseInstance (proffesorID, coursId, semester) values (13, 'CSC 1587', 'fall 2020');
insert into courseInstance (proffesorID, coursId, semester) values (14, 'CSC 2407', 'apocalypse 2021');
insert into courseInstance (proffesorID, coursId, semester) values (14, 'CSC 1065', 'spring 2019');
insert into courseInstance (proffesorID, coursId, semester) values (16, 'CSC 2089', 'fall 2019');
insert into courseInstance (proffesorID, coursId, semester) values (17, 'CSC 3005', 'spring 2020');

insert into event (timeIn, timeOut, eventDate, course, student, tutor) values ('20:08:39', '0:19:34', '2019-10-06', 7, 14, 10);
insert into event (timeIn, timeOut, eventDate, course, student, tutor) values ('18:54:09', '8:53:47', '2020-03-22', 16, 13, 5);
insert into event (timeIn, timeOut, eventDate, course, student, tutor) values ('9:59:52', '15:04:06', '2019-08-10', 12, 11, 7);
insert into event (timeIn, timeOut, eventDate, course, student, tutor) values ('6:27:29', '14:02:41', '2019-05-25', 10, 14, 5);
insert into event (timeIn, timeOut, eventDate, course, student, tutor) values ('11:37:09', '6:06:33', '2019-11-21', 8, 4, 2);
insert into event (timeIn, timeOut, eventDate, course, student, tutor) values ('22:00:06', '21:26:53', '2020-02-21', 4, 2, 8);
insert into event (timeIn, timeOut, eventDate, course, student, tutor) values ('3:36:01', '6:10:36', '2019-08-13', 3, 11, 5);
insert into event (timeIn, timeOut, eventDate, course, student, tutor) values ('19:39:22', '10:57:16', '2020-02-24', 8, 4, 6);
insert into event (timeIn, timeOut, eventDate, course, student, tutor) values ('10:25:00', '1:20:10', '2020-05-03', 11, 11, 10);
insert into event (timeIn, timeOut, eventDate, course, student, tutor) values ('6:14:50', '7:41:39', '2019-07-03', 13, 9, 6);
insert into event (timeIn, timeOut, eventDate, course, student, tutor) values ('11:08:56', '2:49:55', '2019-06-30', 6, 12, 10);
insert into event (timeIn, timeOut, eventDate, course, student, tutor) values ('18:04:30', '1:29:46', '2020-01-20', 18, 14, 6);
insert into event (timeIn, timeOut, eventDate, course, student, tutor) values ('9:56:35', '2:47:18', '2019-12-03', 8, 4, 7);
insert into event (timeIn, timeOut, eventDate, course, student, tutor) values ('5:27:08', '19:06:50', '2019-10-31', 12, 4, 6);
insert into event (timeIn, timeOut, eventDate, course, student, tutor) values ('18:15:19', '22:08:21', '2020-02-29', 17, 15, 9);
insert into event (timeIn, timeOut, eventDate, course, student, tutor) values ('10:38:33', '19:28:37', '2019-11-24', 5, 17, 6);
insert into event (timeIn, timeOut, eventDate, course, student, tutor) values ('9:54:08', '8:25:52', '2019-07-31', 17, 15, 5);
insert into event (timeIn, timeOut, eventDate, course, student, tutor) values ('7:08:24', '17:14:45', '2019-09-20', 9, 13, 6);